Брайан Джонсон;Вокалист
Ангус Янг;Солист-гитарист
Клифф Уильямс;Бас-гитарист
Фил Радд;Ударник
Стивен Тайлер;Вокалист;Бэк-вокалист
Джо Перри;Солист-гитарист;Бэк-вокалист
Том Хэмилтон;Бас-гитарист
Джоуи Крамер;Ударник
Брэд Уитфорд;Ритм-гитарист
Джерри Кантрелл;Солист-гитарист;Бэк-вокалист
Шон Кинни;Ударник
Майк Айнез;Бас-гитарист
Уильям Дюваль;Вокалист
Алекс Гаскарт;Вокалист;Бэк-вокалист
Джек Баракат;Ритм-гитарист
Зак Меррик;Бас-гитарист;Бэк-вокалист
Райан Доусон;Ударник
Майлз Кеннеди;Вокалист;Гитарист
Марк Тремонти;Солист-гитарист;Бэк-вокалист
Брайан Маршалл;Бас-гитарист
Скотт Филлипс;Ударник
Стейси Джонс;Вокалист;Ритм-гитарист
Джейми Арентцен;Солист-гитарист
Дрю Парсонс;Бас-гитарист
Брайан Нолан;Ударник
Эйкка Топпинен;Виолончелист
Пааво Лётйонен;Виолончелист
Перту Кивилааксо;Виолончелист
Микко Сирен;Ударник
Алекс Тёрнер;Вокалист;Ритм-гитарист
Джейми Кук;Солист-гитарист
Ник О'Мэлли;Бас-гитарист
Мэтт Хелдерс;Ударник
М. Шэдоус;Вокалист
Синистер Гейтс;Солист-гитарист;Бэк-вокалист
Закки Вендженс;Ритм-гитарист;Бэк-вокалист
Джонни Крайст;Бас-гитарист
Брукс Вакерман;Ударник
Грег Граффин;Вокалист
Бретт Гуревич;Солист-гитарист;Бэк-вокалист
Джей Бентли;Бас-гитарист;Бэк-вокалист
Брайан Бейкер;Ритм-гитарист
Майк Димт;Ударник
Эд Робертсон;Вокалист;Ритм-гитарист
Джим Криган;Бас-гитарист;Бэк-вокалист
Кевин Херн;Клавишник;Бэк-вокалист
Тайлер Стюарт;Ударник
Майк Ди;Вокалист;Семплер-оператор
Эд-Рок;Вокалист;Семплер-оператор
МСА;Вокалист;Семплер-оператор
Бек Хансен;Вокалист;Композитор;Аранжировщик
Калеб Шомо;Вокалист;Клавишник
Зак Хастингс;Солист-гитарист
Коннор Дэннис;Ударник
Оши Тайлс;Бас-гитарист
Бенджамин Ковалевич;Вокалист
Иэн Д'Са;Солист-гитарист;Бэк-вокалист
Джонатан Гэллант;Бас-гитарист;Бэк-вокалист
Аарон Солоуниук;Ударник
Крис Робинсон;Вокалист
Рич Робинсон;Солист-гитарист;Бэк-вокалист
Свен Пайпин;Бас-гитарист
Брайан Гриффин;Ударник
Грег Джинн;Солист-гитарист
Чак Дуковски;Бас-гитарист
Билл Стивенсон;Ударник
Дез Кадена;Ритм-гитарист
Дэн Ауэрбах;Вокалист;Солист-гитарист
Патрик Карни;Ударник
Оззи Осборн;Вокалист
Тони Айомми;Солист-гитарист
Гизер Батлер;Бас-гитарист
Билл Уорд;Ударник
Крис Робертсон;Вокалист;Солист-гитарист
Бен Уэллс;Ритм-гитарист;Бэк-вокалист
Джон Лоухон;Бас-гитарист
Джон Фред Янг;Ударник
Марк Хоппус;Вокалист;Бас-гитарист
Трэвис Баркер;Ударник
Том Делонг;Солист-гитарист;Бэк-вокалист
Эрик Блум;Вокалист;Солист-гитарист
Дональд Розер;Солист-гитарист;Бэк-вокалист
Джулз Рэдино;Ударник
Ричи Кастеллано;Бас-гитарист;Клавишник
Дэнни Миранда;Бас-гитарист
Деймон Албарн;Вокалист;Клавишник
Грэм Коксон;Солист-гитарист;Бэк-вокалист
Алекс Джеймс;Бас-гитарист
Дэйв Раунтри;Ударник
Джон Бон Джови;Вокалист
Дэвид Брайан;Клавишник;Бэк-вокалист
Тико Торрес;Ударник
Хью Макдональд;Бас-гитарист
Фил Икс;Солист-гитарист;Бэк-вокалист
Бенджамин Бёрнли;Вокалист;Ритм-гитарист
Джейсон Рауч;Солист-гитарист
Кит Уоллен;Ритм-гитарист;Бэк-вокалист
Аарон Брук;Бас-гитарист;Бэк-вокалист
Шон Фойст;Ударник
Оливер Сайкс;Вокалист
Ли Малия;Солист-гитарист
Мэтт Кин;Бас-гитарист
Мэтт Николс;Ударник
Джордан Фиш;Клавишник;Бэк-вокалист
Мэтт Так;Вокалист;Ритм-гитарист
Майкл Пэджет;Солист-гитарист;Бэк-вокалист
Джейми Маттиас;Бас-гитарист;Бэк-вокалист
Джейсон Боулд;Ударник
Гэвин Россдейл;Вокалист;Ритм-гитарист
Крис Трейнор;Солист-гитарист
Кори Бритц;Бас-гитарист;Бэк-вокалист
Ник Хьюз;Ударник
Джон МакКри;Вокалист;Гитарист
Винс ДиФиоре;Клавишник;Трубач
Гэбриэл Нельсон;Бас-гитарист
Тодд Ропер;Ударник
Мэтт Шульц;Вокалист
Брэд Шульц;Ритм-гитарист
Джаред Чемпион;Ударник
Дэниел Тиченор;Бас-гитарист;Бэк-вокалист
Ник Бокемп;Солист-гитарист
Пит Лофлер;Вокалист;Ритм-гитарист
Сэм Лофлер;Ударник
Дин Бернардини;Бас-гитарист
Робин Зандер;Вокалист;Ритм-гитарист
Рик Нильсен;Солист-гитарист
Том Петерссон;Бас-гитарист
Дэкс Нильсен;Ударник
Клаудио Санчес;Вокалист;Солист-гитарист
Трэвис Стивер;Ритм-гитарист;Бэк-вокалист
Джош Эппард;Ударник
Зак Купер;Бас-гитарист
Крис Мартин;Вокалист;Клавишник
Джонни Баклэнд;Солист-гитарист
Гай Берриман;Бас-гитарист
Уилл Чэмпион;Ударник;Бэк-вокалист
Эд Роланд;Вокалист;Клавишник
Дин Роланд;Солист-гитарист
Уилл Турпин;Бас-гитарист
Джонатан Аткинс;Ударник
Джесси Триплетт;Ритм-гитарист
Адам Дьюриц;Вокалист
Дэвид Брайсон;Солист-гитарист;Бэк-вокалист
Чарли Гиллингхэм;Клавишник
Дэн Викри;Ритм-гитарист;Бэк-вокалист
Миллард Пауэрс;Бас-гитарист
Джим Богьос;Ударник
Скотт Стэпп;Вокалист
Марк Тремонти;Солист-гитарист;Бэк-вокалист
Брайан Маршалл;Бас-гитарист
Скотт Филлипс;Ударник
Эд Слоан;Вокалист;Солист-гитарист
Митч Джеймс;Бас-гитарист
Лес Холл;Ритм-гитарист;Клавишник
Райан Йонджер;Ударник
Гленн Данциг;Вокалист;Композитор
Томми Виктор;Солист-гитарист
Джонни Келли;Ударник
Крис Карраба;Вокалист;Ритм-гитарист
Скотт Шенбек;Бас-гитарист
Джон Лефлер;Солист-гитарист
Майк Марш;Ударник
Дэйв Мэттьюс;Вокалист;Солист-гитарист
Картер Бьюфорд;Ударник
Стефан Лессард;Бас-гитарист
Тим Рейнольдс;Солист-гитарист
Рашон Росс;Трубач
Джефф Коффин;Саксофонист
Иэн Гиллан;Вокалист
Роджер Гловер;Бас-гитарист
Иэн Пейс;Ударник
Стив Морс;Солист-гитарист
Дон Эйри;Клавишник
Чино Морено;Вокалист
Стивен Карпентер;Солист-гитарист
Фрэнк Делгадо;Семплер-оператор;Клавишник
Серджио Вега;Бас-гитарист
Эйб Каннингем;Ударник
Марк Нопфлер;Вокалист;Солист-гитарист
Джон Иллсли;Бас-гитарист;Бэк-вокалист
Алан Кларк;Клавишник
Гай Флетчер;Клавишник
Дэвид Дрейман;Вокалист
Дэн Дониган;Солист-гитарист
Майк Венгрен;Ударник
Джон Мойер;Бас-гитарист
Джеймс Лабри;Вокалист
Джон Петруччи;Солист-гитарист
Джон Майнг;Бас-гитарист
Джордан Рудесс;Клавишник
Майк Манджини;Ударник
Иэн Маккалох;Вокалист
Уилл Сержант;Солист-гитарист
Лесли Паттинсон;Бас-гитарист
Пит де Фрейтас;Ударник
Дон Хенли;Вокалист;Ударник
Джо Уолш;Солист-гитарист
Тимоти Б. Шмит;Бас-гитарист;Бэк-вокалист
Винс Гилл;Гитарист;Бэк-вокалист
Джефф Линн;Вокалист;Солист-гитарист
Ричард Тэнди;Клавишник
Арт Алексис;Вокалист;Ритм-гитарист
Дэйв Франсис;Бас-гитарист
Фредди Херрера;Солист-гитарист
Брайан Нольтнер;Ударник
Патрик Стамп;Вокалист;Ритм-гитарист
Пит Венц;Бас-гитарист;Бэк-вокалист
Джо Троман;Солист-гитарист
Энди Хёрли;Ударник
Бертон С. Белл;Вокалист
Дино Казарес;Солист-гитарист
Майк Хеллер;Ударник
Грант Николас;Вокалист;Солист-гитарист
Так Хироси;Бас-гитарист
Карл Бразил;Ударник
Ричард Патрик;Вокалист;Солист-гитарист
Брайан Лисеганг;Клавишник
Фрэнк Кавано;Бас-гитарист
Джон Спайкер;Бас-гитарист
Майк Мечи;Ударник
Скотт Андерсон;Вокалист;Ритм-гитарист
Джеймс Блэк;Солист-гитарист
Рик Джакетт;Ритм-гитарист
Шон Андерсон;Бас-гитарист
Стив Молела;Ударник
Айван Муди;Вокалист
Золтан Батори;Солист-гитарист
Джейсон Хук;Солист-гитарист
Крис Кейл;Бас-гитарист
Чарли Энджен;Ударник
Мик Флитвуд;Ударник
Джон Макви;Бас-гитарист
Стиви Никс;Вокалист;Бэк-вокалист
Кристин Макви;Клавишник
Майк Кэмпбелл;Солист-гитарист
Нил Финн;Ритм-гитарист;Бэк-вокалист
Дэйв Грол;Вокалист;Ритм-гитарист
Нейт Мендел;Бас-гитарист
Пэт Смир;Ритм-гитарист
Крис Шифлетт;Солист-гитарист
Рами Джаффи;Клавишник
Тейлор Хокинс;Ударник;Бэк-вокалист
Мик Джонс;Солист-гитарист
Келли Хансен;Вокалист
Джефф Пилсон;Бас-гитарист
Том Гимбл;Клавишник;Саксофонист
Майкл Блюстейн;Клавишник
Брюс Уотсон;Ритм-гитарист
Крис Фрэйзер;Ударник
Алекс Капранос;Вокалист;Ритм-гитарист
Ник Маккарти;Солист-гитарист
Боб Харди;Бас-гитарист
Пол Томсон;Ударник
Брэт Скэллон;Вокалист;Бас-гитарист
Карл Белл;Солист-гитарист
Шэннон Бун;Ударник
Джейсон Уорден;Солист-гитарист
Ширли Мэнсон;Вокалист
Дюк Эриксон;Солист-гитарист;Клавишник
Стив Маркер;Солист-гитарист;Клавишник
Бутч Виг;Ударник
Тони Бэнкс;Клавишник
Майк Резерфорд;Бас-гитарист;Ритм-гитарист
Фил Коллинз;Вокалист;Ударник
Тобиас Форге;Вокалист
Джонни Рзезник;Вокалист;Ритм-гитарист
Робби Таккак;Бас-гитарист;Бэк-вокалист
Джоэл Мэдден;Вокалист
Бенджи Мэдден;Ритм-гитарист;Бэк-вокалист
Билли Мартин;Солист-гитарист
Пол Томас;Бас-гитарист
Дин Баттеруорт;Ударник
Билли Джо Армстронг;Вокалист;Ритм-гитарист
Майк Дёрнт;Бас-гитарист;Бэк-вокалист
Тре Кул;Ударник
Эксл Роуз;Вокалист
Слэш;Солист-гитарист
Дафф Маккаган;Бас-гитарист
Диззи Рид;Клавишник
Ричард Фортус;Ритм-гитарист
Фрэнк Феррер;Ударник
Лиззи Хейл;Вокалист;Ритм-гитарист
Арджей Хейл;Ударник;Бэк-вокалист
Джо Хоттингер;Солист-гитарист
Джош Смит;Бас-гитарист
Энн Уилсон;Вокалист;Флейтист
Нэнси Уилсон;Ритм-гитарист;Бэк-вокалист
Бен Смит;Ударник
Крэйг Барток;Солист-гитарист
Дэнни Жакоб;Бас-гитарист
Пейдж Хэмилтон;Вокалист;Солист-гитарист
Кайл Стивенсон;Ударник
Дэйв Кейси;Бас-гитарист
Дэн Билер;Ритм-гитарист
Кортни Лав;Вокалист;Ритм-гитарист
Эрик Эрландсон;Солист-гитарист
Мелисса Ауф дер Маур;Бас-гитарист;Бэк-вокалист
Патти Шемель;Ударник
Дариус Ракер;Вокалист;Ритм-гитарист
Марк Брайан;Солист-гитарист
Дин Фелбер;Бас-гитарист
Джим Сони Сонефелд;Ударник
Маршал Даттон;Вокалист;Ритм-гитарист
Джо Гарви;Солист-гитарист;Бэк-вокалист
Майк Роджерс;Бас-гитарист
Коди Хэнсон;Ударник
Марк Кинг;Клавишник
Брэндон Бойд;Вокалист
Майк Айнзигер;Солист-гитарист
Хосе Пасильяс;Ударник
Крис Килмор;Клавишник
Бен Кенни;Бас-гитарист
Брюс Дикинсон;Вокалист
Стив Харрис;Бас-гитарист
Дэйв Мюррей;Солист-гитарист
Адриан Смит;Солист-гитарист
Янник Герс;Солист-гитарист
Нико Макбрэйн;Ударник
Эндрю Макмахон;Вокалист;Клавишник
Бобби Андерсон;Солист-гитарист
Джей Макмиллан;Ударник
Майкл Ли;Бас-гитарист
Перри Фаррелл;Вокалист
Дэйв Наварро;Солист-гитарист
Стивен Перкинс;Ударник
Крис Чейни;Бас-гитарист
Ник Сесте;Вокалист;Солист-гитарист
Кэм Мунси;Бас-гитарист
Марк Уилсон;Ударник
Бернард Самнер;Вокалист;Солист-гитарист
Питер Хук;Бас-гитарист
Стивен Моррис;Ударник
Роб Хэлфорд;Вокалист
Гленн Типтон;Солист-гитарист
Иэн Хилл;Бас-гитарист
Скотт Трэвис;Ударник
Ричи Фолкнер;Солист-гитарист
Рики Уилсон;Вокалист
Эндрю Уайт;Солист-гитарист
Саймон Рикс;Бас-гитарист;Бэк-вокалист
Ник Бейнс;Клавишник
Вижай Мистри;Ударник
Фил Эхарт;Ударник
Рич Уильямс;Солист-гитарист
Билли Гриир;Бас-гитарист;Бэк-вокалист
Дэвид Рэгсдэйл;Скрипач
Том Брислин;Клавишник
Серж Пиццорно;Солист-гитарист;Бэк-вокалист
Крис Эдвардс;Бас-гитарист
Иэн Мэттьюс;Ударник
Тим Картер;Ритм-гитарист
Джесси Лич;Вокалист
Джоэл Стротцел;Солист-гитарист
Адам Дуткевич;Ритм-гитарист;Бэк-вокалист
Майк Д'Антонио;Бас-гитарист
Джастин Фоли;Ударник
Роберт Фрипп;Солист-гитарист
Джакко Джакшик;Вокалист
Мел Коллинз;Саксофонист
Тони Левин;Бас-гитарист
Пэт Мастелотто;Ударник
Гэвин Харрисон;Ударник
Джереми Стейси;Ударник
Калеб Фоллоуилл;Вокалист;Солист-гитарист
Нэйтан Фоллоуилл;Ударник;Бэк-вокалист
Джаред Фоллоуилл;Бас-гитарист;Бэк-вокалист
Мэттью Фоллоуилл;Солист-гитарист
Джонатан Дэвис;Вокалист
Джеймс Шафер;Солист-гитарист
Брайан Уэлч;Ритм-гитарист;Бэк-вокалист
Реджинальд Арвизу;Бас-гитарист
Рэй Лузье;Ударник
Донита Спаркс;Вокалист;Гитарист
Сьюзи Гарднер;Гитарист;Бэк-вокалист
Дженнифер Финч;Бас-гитарист
Димуро;Ударник
Роберт Плант;Вокалист
Джимми Пейдж;Солист-гитарист
Джон Пол Джонс;Бас-гитарист;Клавишник
Джон Бонэм;Ударник
Майк Шинода;Вокалист;Клавишник;Солист-гитарист
Брэд Делсон;Солист-гитарист
Роб Бурдон;Ударник
Джо Хан;Семплер-оператор;Диджей
Дэйв Фаррелл;Бас-гитарист
Кори Гловер;Вокалист
Вернон Рейд;Солист-гитарист
Даг Уимбиш;Бас-гитарист
Уилл Кэлхун;Ударник
Эндрю Волп;Вокалист
Тим Конви;Солист-гитарист
Тим Феррис;Бас-гитарист
Мэтт Педреа;Ударник
Гэри Россингтон;Вокалист;Солист-гитарист
Джонни Ван Зант;Вокалист
Рики Медлок;Солист-гитарист
Марк Мэйтс;Бас-гитарист
Майкл Карточоне;Ударник
Робб Флинн;Вокалист;Солист-гитарист
Джаред МакИчерн;Бас-гитарист
Воган Джеймс;Ритм-гитарист
Мэтт Эллич;Ударник
Мэрилин Мэнсон;Вокалист
Пол Уайли;Солист-гитарист
Даниэль Фокс;Бас-гитарист
Хуан Альварес;Ударник
Адам Левин;Вокалист
Джесси Кармайкл;Клавишник;Бэк-вокалист
Микки Мэдден;Бас-гитарист
Джеймс Валентайн;Солист-гитарист;Бэк-вокалист
Мэтт Флинн;Ударник
Пи Джей Мортон;Клавишник
Сэм Фаррар;Гитарист
Трой Сандерс;Вокалист;Бас-гитарист
Брент Хайндс;Солист-гитарист
Билл Келлихер;Ритм-гитарист
Брэнн Дэйлор;Ударник;Бэк-вокалист
Роб Томас;Вокалист;Ритм-гитарист
Кайл Кук;Солист-гитарист;Бэк-вокалист
Брайан Йэйл;Бас-гитарист
Пол Дуке;Ударник
Дэйв Мастейн;Вокалист;Солист-гитарист
Дэвид Эллефсон;Бас-гитарист
Кико Лоурейро;Солист-гитарист
Дирк Вербурен;Ударник
Джеймс Хэтфилд;Вокалист;Ритм-гитарист
Ларс Ульрих;Ударник
Кирк Хэммет;Солист-гитарист
Роберт Трухильо;Бас-гитарист
Эмили Хейнс;Вокалист;Клавишник
Джеймс Шоу;Солист-гитарист;Клавишник
Джош Уинстед;Бас-гитарист
Джо Льюин;Ударник
Эндрю ВанВингарден;Вокалист;Солист-гитарист
Бен Голдвассер;Клавишник
Исаак Брок;Вокалист;Солист-гитарист
Джеремия Грин;Ударник
Томас Пелсол;Бас-гитарист
Рассел Хигс;Ритм-гитарист
Бенджамин Вайсс;Клавишник
Дэйв Вайндорф;Вокалист
Фил Кавано;Солист-гитарист
Боб Пансиарелло;Бас-гитарист
Джон Клейвтер;Ударник
Майкл Кэллинг;Клавишник
Тревис Мак;Вокалист;Ритм-гитарист
Спенсер Томсон;Солист-гитарист
Тайлер Риттер;Бас-гитарист
Уэс Бэйли;Клавишник
Томми Путнам;Ударник
Винс Нейл;Вокалист
Никки Сикс;Бас-гитарист
Томми Ли;Ударник
Мик Марс;Солист-гитарист
Мэттью Беллами;Вокалист;Солист-гитарист
Крис Уолстенхолм;Бас-гитарист;Бэк-вокалист
Доминик Ховард;Ударник;Бэк-вокалист
Джерард Уэй;Вокалист
Рэй Торо;Солист-гитарист;Бэк-вокалист
Фрэнк Иеро;Ритм-гитарист;Бэк-вокалист
Майки Уэй;Бас-гитарист
Джордан Пундик;Вокалист
Чад Гилберт;Солист-гитарист;Бэк-вокалист
Иэн Грашка;Бас-гитарист
Сайрус Болуки;Ударник
Чад Крюгер;Вокалист;Ритм-гитарист
Райан Пик;Солист-гитарист;Бэк-вокалист
Майк Крюгер;Бас-гитарист
Дэниэл Адэр;Ударник
Трент Резнор;Вокалист;Клавишник;Солист-гитарист
Робин Финк;Солист-гитарист
Алессандро Кортини;Клавишник
Илан Рубин;Ударник
Курт Кобейн;Вокалист;Солист-гитарист
Крист Новоселич;Бас-гитарист
Дэйв Грол;Ударник
Ноэл Галлахер;Вокалист;Солист-гитарист
Лиам Галлахер;Вокалист
Пол Артурс;Ритм-гитарист
Пол МакГиган;Бас-гитарист
Алан Уайт;Ударник
Аарон Поли;Вокалист;Бас-гитарист
Валентин Артур;Ритм-гитарист
Тино Артур;Солист-гитарист
Алан Эшби;Ударник
Микаэль Окерфельдт;Вокалист;Солист-гитарист
Мартин Мендез;Бас-гитарист
Фредрик Окессон;Солист-гитарист
Мартин Аксенрот;Ударник
Рейн Мэйда;Вокалист;Ритм-гитарист
Дункан Кутс;Бас-гитарист
Стив Мазур;Солист-гитарист
Джейсон Пирс;Ударник
Брендон Ури;Вокалист;Клавишник
Даллон Уикс;Бас-гитарист
Кенни Харрис;Солист-гитарист
Дэн Паулакович;Ударник
Джекоби Шэддикс;Вокалист
Джерри Хортон;Солист-гитарист
Тобин Эсперанс;Бас-гитарист
Тони Паломби;Ударник
Хейли Уильямс;Вокалист
Тейлор Йорк;Солист-гитарист
Зак Фарро;Ударник
Эдди Веддер;Вокалист
Стоун Госсард;Ритм-гитарист
Джефф Амент;Бас-гитарист
Майк Маккриди;Солист-гитарист
Мэтт Кэмерон;Ударник
Трей Анастасио;Вокалист;Солист-гитарист
Майк Гордон;Бас-гитарист
Джон Фишман;Ударник
Пейдж Макконнелл;Клавишник
Томас Марс;Вокалист
Дек Д'Арси;Бас-гитарист
Кристиан Маззали;Солист-гитарист
Лоран Бранковиц;Клавишник
Дэвид Гилмор;Вокалист;Солист-гитарист
Ник Мэйсон;Ударник
Роджер Уотерс;Бас-гитарист
Ричард Райт;Клавишник
Блэк Фрэнсис;Вокалист;Солист-гитарист
Джой Сантьяго;Солист-гитарист
Дэвид Ловеринг;Ударник;Бэк-вокалист
Паз Леншантин;Бас-гитарист;Бэк-вокалист
Брайан Молко;Вокалист;Солист-гитарист
Стефан Олсдаль;Бас-гитарист;Клавишник
Стив Форрест;Ударник
Брет Майклс;Вокалист
Си Си ДеВиль;Солист-гитарист
Бобби Долл;Бас-гитарист
Рики Рокетт;Ударник
Уэс Скэнтлин;Вокалист;Ритм-гитарист
Мэтт Фуллер;Солист-гитарист
Майкл Джон Адамс;Бас-гитарист
Дэйв Морено;Ударник
Брайан Мэй;Вокалист;Солист-гитарист
Роджер Тейлор;Ударник;Бэк-вокалист
Адам Ламберт;Вокалист
Джош Хомме;Вокалист;Солист-гитарист
Трой Ван Левен;Ритм-гитарист;Бэк-вокалист
Майкл Шуман;Бас-гитарист
Джон Теодор;Ударник
Дин Фертита;Клавишник;Солист-гитарист
Том Йорк;Вокалист;Клавишник;Ритм-гитарист
Джонни Гринвуд;Солист-гитарист;Клавишник
Колин Гринвуд;Бас-гитарист
Эд О'Брайен;Ритм-гитарист;Бэк-вокалист
Фил Селуэй;Ударник;Бэк-вокалист
Зак де ла Роча;Вокалист
Том Морелло;Солист-гитарист
Тим Коммерфорд;Бас-гитарист
Брэд Уилк;Ударник
Джоуи Рамон;Вокалист
Джонни Рамон;Солист-гитарист
Ди Ди Рамон;Бас-гитарист
Марки Рамон;Ударник
Тим Армстронг;Вокалист;Ритм-гитарист
Ларс Фредериксен;Солист-гитарист;Бэк-вокалист
Мэтт Фримен;Бас-гитарист
Брэндон Стайкер;Ударник
Энтони Кидис;Вокалист
Фли;Бас-гитарист
Чэд Смит;Ударник
Джон Фрушанте;Солист-гитарист
Тим Макилрот;Вокалист;Ритм-гитарист
Джо Принсипе;Бас-гитарист;Бэк-вокалист
Брэндон Барнс;Ударник
Зак Блэр;Солист-гитарист
Алессандро Вентичелла;Вокалист;Солист-гитарист
Мустафа Диссоу;Бас-гитарист
Матиас Лопес;Ударник
Эдди Хермид;Вокалист
Марк Хейлмун;Солист-гитарист
Крис Гарца;Ритм-гитарист
Дэн Кенни;Бас-гитарист
Эрни Иносенсио;Ударник
Энтони Грин;Вокалист
Брендон Эклер;Солист-гитарист
Стив Клиффорд;Ударник
Крис Корнелл;Вокалист
Ким Тайил;Солист-гитарист
Бен Шеферд;Бас-гитарист
Мэтт Кэмерон;Ударник
Клаус Майне;Вокалист
Рудольф Шенкер;Солист-гитарист
Маттиас Ябс;Солист-гитарист
Пауло де Сильва;Бас-гитарист
Джеймс Коттак;Ударник
Брэндон Бойд;Вокалист
Майк Айнзигер;Солист-гитарист
Хосе Пасильяс;Ударник
Крис Килмор;Клавишник
Бен Кенни;Бас-гитарист
Джастин Хокинс;Вокалист;Солист-гитарист
Дэн Хокинс;Ритм-гитарист
Фрэнки Пуллейн;Бас-гитарист
Руфус Тайгер Тейлор;Ударник
Гевин Хэйлесон;Вокалист;Солист-гитарист
Мэтт Браун;Бас-гитарист
Дэйл Бейкер;Ударник
Райан Теддер;Вокалист;Клавишник
Зак Филкинс;Солист-гитарист
Эдди Фишер;Ударник
Брент Катцл;Бас-гитарист
Дрю Браун;Ритм-гитарист
Пол Маккартни;Вокалист;Бас-гитарист
Джон Леннон;Вокалист;Ритм-гитарист
Джордж Харрисон;Солист-гитарист;Бэк-вокалист
Ринго Старр;Ударник;Бэк-вокалист
Фредди Меркьюри;Вокалист
Брайан Мэй;Солист-гитарист;Бэк-вокалист
Джон Дикон;Бас-гитарист
Роджер Тейлор;Ударник;Бэк-вокалист
Стивен Тайлер;Вокалист
Джо Перри;Солист-гитарист;Бэк-вокалист
Брэд Уитфорд;Ритм-гитарист
Том Хэмилтон;Бас-гитарист
Джоуи Крамер;Ударник
Алекс Тернер;Вокалист;Солист-гитарист
Джеймс Кук;Бас-гитарист
Мэттью Хелдерс;Ударник;Бэк-вокалист
Джейми Кук;Ритм-гитарист
Эмили Хейнс;Вокалист;Клавишник
Джеймс Шоу;Солист-гитарист;Клавишник
Джош Уинстед;Бас-гитарист
Джо Льюин;Ударник
Билли Джо Армстронг;Вокалист;Ритм-гитарист
Майк Дёрнт;Бас-гитарист;Бэк-вокалист
Тре Кул;Ударник
Джонни Гринвуд;Солист-гитарист;Клавишник
Том Йорк;Вокалист;Ритм-гитарист;Клавишник
Колин Гринвуд;Бас-гитарист
Эд О’Брайен;Ритм-гитарист;Бэк-вокалист
Фил Селуэй;Ударник;Бэк-вокалист
Эдди Веддер;Вокалист
Стоун Госсард;Ритм-гитарист
Джефф Амент;Бас-гитарист
Майк Маккриди;Солист-гитарист
Мэтт Кэмерон;Ударник
Риверс Куомо;Вокалист;Ритм-гитарист
Брайан Белл;Ритм-гитарист;Бэк-вокалист
Скотт Шайнер;Бас-гитарист;Бэк-вокалист
Патрик Уилсон;Ударник;Бэк-вокалист
Мэтью Беллами;Вокалист;Солист-гитарист
Крис Уолстенхолм;Бас-гитарист;Бэк-вокалист
Доминик Ховард;Ударник;Бэк-вокалист
Энтони Кидис;Вокалист
Фли;Бас-гитарист
Джон Фрушанте;Солист-гитарист
Чэд Смит;Ударник
Курт Кобейн;Вокалист;Солист-гитарист
Крист Новоселич;Бас-гитарист
Дэйв Грол;Ударник
Оззи Осборн;Вокалист
Тони Айомми;Солист-гитарист
Гизер Батлер;Бас-гитарист
Билл Уорд;Ударник
Джон Бон Джови;Вокалист
Ричи Самбора;Солист-гитарист;Бэк-вокалист
Дэвид Брайан;Клавишник;Бэк-вокалист
Тико Торрес;Ударник
Хью Макдональд;Бас-гитарист
Крис Мартин;Вокалист;Клавишник
Джонни Баклэнд;Солист-гитарист
Гай Берриман;Бас-гитарист
Уилл Чемпион;Ударник;Бэк-вокалист
Джош Хомме;Вокалист;Солист-гитарист
Трой Ван Левен;Ритм-гитарист;Бэк-вокалист
Майкл Шуман;Бас-гитарист
Джон Теодор;Ударник
Дин Фертита;Клавишник;Солист-гитарист
Зак де ла Роча;Вокалист
Том Морелло;Солист-гитарист
Тим Коммерфорд;Бас-гитарист
Брэд Уилк;Ударник
Ларс Ульрих;Ударник
Джеймс Хэтфилд;Вокалист;Ритм-гитарист
Кирк Хэммет;Солист-гитарист
Роберт Трухильо;Бас-гитарист
Трент Резнор;Вокалист;Клавишник;Солист-гитарист
Робин Финк;Солист-гитарист
Алессандро Кортини;Клавишник
Илан Рубин;Ударник
Роб Хэлфорд;Вокалист
Гленн Типтон;Солист-гитарист
Иэн Хилл;Бас-гитарист
Скотт Трэвис;Ударник
Ричи Фолкнер;Солист-гитарист
Джон Бонэм;Ударник
Роберт Плант;Вокалист
Джимми Пейдж;Солист-гитарист
Джон Пол Джонс;Бас-гитарист;Клавишник
Фредди Меркьюри;Вокалист
Брайан Мэй;Солист-гитарист;Бэк-вокалист
Джон Дикон;Бас-гитарист
Роджер Тейлор;Ударник;Бэк-вокалист
Джерард Уэй;Вокалист
Рэй Торо;Солист-гитарист;Бэк-вокалист
Фрэнк Иеро;Ритм-гитарист;Бэк-вокалист
Майки Уэй;Бас-гитарист
Элисон Моссхарт;Вокалист;Ритм-гитарист
Джейми Хинс;Солист-гитарист
Эйдан Моффат;Вокалист
Малькольм Миддлтон;Солист-гитарист
Дебби Харри;Вокалист
Крис Стейн;Солист-гитарист
Клем Берк;Ударник
Гэри Валентайн;Бас-гитарист
Джимми Дестри;Клавишник
Эми Ли;Вокалист;Клавишник
Трой Маклохорн;Ритм-гитарист;Бэк-вокалист
Джен Маджура;Бас-гитарист;Бэк-вокалист
Уилл Хант;Ударник
Тим Маккорд;Клавишник
Том Смит;Вокалист;Ритм-гитарист
Крис Урбанович;Солист-гитарист
Расл Вэйлорд;Бас-гитарист
Эд Лэй;Ударник
Игорь Кавалера;Ударник
Макс Кавалера;Вокалист;Солист-гитарист
Паулао Пинто;Бас-гитарист
Джон Долмаян;Ударник
Серж Танкян;Вокалист;Клавишник
Дарон Малакян;Солист-гитарист
Шаво Одаджян;Бас-гитарист
Билли Корган;Вокалист;Солист-гитарист
Джеймс Иха;Ритм-гитарист;Бэк-вокалист
Дженнифер Эверест;Бас-гитарист
Джимми Чэмберлин;Ударник
Брюс Спрингстин;Вокалист;Солист-гитарист
Стив Ван Зандт;Ритм-гитарист;Бэк-вокалист
Гарри Тэллинт;Бас-гитарист
Макс Вайнберг;Ударник
Дэвид Санчес;Клавишник
Марк Болан;Вокалист;Солист-гитарист
Стив Карри;Бас-гитарист
Билл Ледженд;Ударник
Дэйв Ванян;Вокалист
Капитан Сенсибл;Солист-гитарист
Паул Грей;Бас-гитарист
Пинч;Ударник
Дэйв Гаан;Вокалист
Мартин Гор;Клавишник;Бэк-вокалист
Энди Флетчер;Клавишник
Винс Кларк;Солист-гитарист
Джеймс Хэтфилд;Вокалист;Ритм-гитарист
Кирк Хэммет;Солист-гитарист
Роберт Трухильо;Бас-гитарист
Ларс Ульрих;Ударник
Роберт Смит;Вокалист;Солист-гитарист
Саймон Гэллап;Бас-гитарист
Джейсон Купер;Ударник
Роджер О'Доннелл;Клавишник
Ридж Верси;Солист-гитарист
Дэймон Албарн;Вокалист;Клавишник
Грэам Коксен;Солист-гитарист;Бэк-вокалист
Алекс Джеймс;Бас-гитарист
Дэйв Раунтри;Ударник
Брэндон Флауэрс;Вокалист;Клавишник
Дэйв Кеннинг;Солист-гитарист
Марк Стормер;Бас-гитарист
Ронни Вануччи;Ударник
Сэм Смит;Вокалист;Клавишник
Джек Гарратт;Солист-гитарист;Бэк-вокалист
Эд Ширан;Вокалист;Ритм-гитарист
Джеймс Артур;Вокалист;Ритм-гитарист
Калум Скотт;Вокалист
Марио Фелиз;Вокалист;Солист-гитарист
Вилли Альварес;Бас-гитарист;Бэк-вокалист
Луис Гарсия;Ударник
Рамон Эрнандес;Клавишник
Пабло Санчес;Ритм-гитарист
Хосе Лопес;Ударник
Анита Гарибальди;Вокалистка;Клавишник
Карина Рамирес;Бас-гитаристка;Бэк-вокалистка
Луиза Мендес;Солист-гитаристка;Бэк-вокалистка
Эмма Торрес;Ритм-гитаристка
София Гомес;Ударница
Эд Слоан;Вокалист;Солист-гитарист
Митч Джеймс;Бас-гитарист
Лес Холл;Ритм-гитарист;Клавишник
Райан Йонджер;Ударник
Джек Уайт;Вокалист;Солист-гитарист
Брендан Бенсон;Ритм-гитарист;Бэк-вокалист
Джек Лоуренс;Бас-гитарист
Патрик Килер;Ударник
Эллисон Робертсон;Солист-гитарист;Бэк-вокалист
Брет Клингер;Вокалист;Ритм-гитарист
Майя Форд;Бас-гитарист;Бэк-вокалист
Торри Кастеллано;Ударник
Кори Тейлор;Вокалист
Джим Рут;Солист-гитарист
Шон Крейен;Перкуссионист
Крейг Джонс;Клавишник
Алессандро Вултуро;Бас-гитарист
Джей Вайнберг;Ударник
Сид Уилсон;Диджей
Мик Томсон;Ритм-гитарист
Майкл Баркер;Вокалист;Ритм-гитарист
Джастин Лонг;Солист-гитарист
Джеймс Томас;Бас-гитарист
Гарри Ли;Ударник
Себастьян Бах;Вокалист
Скотти Хилл;Солист-гитарист
Дэйв Сабо;Солист-гитарист
Рэйчел Болан;Бас-гитарист
Роб Хамм;Ударник
Джонатан Дэвис;Вокалист
Мэнки Шаффер;Солист-гитарист
Хэд;Ритм-гитарист
Филди;Бас-гитарист
Дэвид Сильверия;Ударник
Мэттью Шаттак;Вокалист;Ритм-гитарист
Джексон Браун;Солист-гитарист
Томас Гриффин;Бас-гитарист
Уильям Смит;Ударник
Лиам Хоулетт;Клавишник
Кейт Флинт;Вокалист
Максим;Вокалист
Роб Холлидей;Бас-гитарист
Лео Крэбтри;Ударник
Том ДеЛонг;Вокалист;Ритм-гитарист
Марк Хоппус;Вокалист;Бас-гитарист
Трэвис Баркер;Ударник
Мэтт Скиба;Ритм-гитарист;Бэк-вокалист
Том Джонсон;Вокалист
Крис Бейкер;Солист-гитарист
Энди Хоус;Бас-гитарист
Ли Гэмэл;Ударник
Джеймс Купер;Вокалист
Кевин Джонс;Ритм-гитарист;Бэк-вокалист
Джейкоб Томпсон;Бас-гитарист
Льюис Браун;Солист-гитарист
Майкл Робертсон;Ударник
Тедди Свифт;Клавишник
Кэлеб Шомо;Вокалист;Клавишник
Камрон Брадбери;Ритм-гитарист
Зак Хаузенер;Солист-гитарист
Крейг Маббитт;Вокалист
Ти Джей Белл;Бас-гитарист
Элли Сэндберг;Ударник
Бен Брюс;Ритм-гитарист;Бэк-вокалист
Сэм Бентли;Солист-гитарист
Джеймс Касселс;Ударник
Кэмерон Лидделл;Ритм-гитарист
Денис Шафоростов;Вокалист
Дэнни Уорсноп;Вокалист
Джон Купер;Вокалист;Бас-гитарист
Кори Купер;Клавишник;Ритм-гитарист
Джен Леджер;Ударник;Бэк-вокалист
Сет Моррисон;Солист-гитарист
Адам Гонтьер;Вокалист;Ритм-гитарист
Барри Сток;Солист-гитарист
Брэд Уэлст;Бас-гитарист
Нил Сандерсон;Ударник;Бэк-вокалист
Ричард Патрик;Вокалист;Солист-гитарист
Дин Делрей;Бас-гитарист
Дэнни Лонер;Клавишник
Грег Уотерман;Ударник
Джонатан Девис;Вокалист;Клавишник
Джеймс Шафер;Солист-гитарист
Роберт Арвизу;Бас-гитарист
Рэй Лузьер;Ударник
Джеймс Хэтфилд;Вокалист;Ритм-гитарист
Ларс Ульрих;Ударник
Кирк Хэммет;Солист-гитарист
Роберт Трухильо;Бас-гитарист
Джаред Лето;Вокалист;Ритм-гитарист
Шэннон Лето;Ударник
Томо Милечевич;Солист-гитарист
Дэвид Хаддок;Бас-гитарист
Роб Томас;Вокалист
Пол Дусетт;Солист-гитарист
Брайан Йэйл;Бас-гитарист
Кайл Кук;Ритм-гитарист
Джон Лав;Ударник
Риверс Куомо;Вокалист;Ритм-гитарист
Брайан Белл;Ритм-гитарист;Бэк-вокалист
Скотт Шайнер;Бас-гитарист;Бэк-вокалист
Патрик Уилсон;Ударник;Бэк-вокалист
Эдди Веддер;Вокалист
Стоун Госсард;Ритм-гитарист
Джефф Амент;Бас-гитарист
Майк Маккриди;Солист-гитарист
Мэтт Кэмерон;Ударник
Билли Джо Армстронг;Вокалист;Ритм-гитарист
Майк Дёрнт;Бас-гитарист;Бэк-вокалист
Тре Кул;Ударник
Курт Кобейн;Вокалист;Солист-гитарист
Крист Новоселич;Бас-гитарист
Дэйв Грол;Ударник
Трент Резнор;Вокалист;Клавишник;Солист-гитарист
Робин Финк;Солист-гитарист
Алессандро Кортини;Клавишник
Илан Рубин;Ударник
Джеймс Хэтфилд;Вокалист;Ритм-гитарист
Ларс Ульрих;Ударник
Кирк Хэммет;Солист-гитарист
Роберт Трухильо;Бас-гитарист
Салли Эрна;Вокалист;Солист-гитарист
Тони Ромбола;Солист-гитарист;Бэк-вокалист
Робби Меррилл;Бас-гитарист
Шеннон Ларкин;Ударник
Джон Фелдман;Вокалист;Ритм-гитарист
Чарли Пол;Солист-гитарист;Бэк-вокалист
Майк Херрера;Бас-гитарист;Бэк-вокалист
Филип Снэйд;Клавишник
Ник Хексум;Бэк-вокалист
Деймон Албарн;Вокалист;Клавишник
Джейми Хьюлетт;Аниматор;Художник
Вутер де Беккер (Gotye);Вокалист;Клавишник
Райан Миллер;Вокалист;Ритм-гитарист
Адам Гарднер;Солист-гитарист;Бэк-вокалист
Льюис Ройс;Бас-гитарист
Люк Рейнольдс;Клавишник;Бэк-вокалист
Трэвис Маккой;Вокалист
Дизастр Смит;Ритм-гитарист;Бэк-вокалист
Эрик Робертс;Бас-гитарист
Мэтт Макгинли;Ударник
Лиззи Хейл;Вокалист;Ритм-гитарист
Арджей Хейл;Ударник
Джо Хоттингер;Солист-гитарист;Бэк-вокалист
Джош Смит;Бас-гитарист;Бэк-вокалист
Трент Вудли;Вокалист
Алекс Пирсон;Ритм-гитарист;Бэк-вокалист
Мэтт Купер;Солист-гитарист;Бэк-вокалист
Джоэл Тирни;Бас-гитарист;Бэк-вокалист
Мэтт Пэйсон;Ударник
Джонни Стивенс;Вокалист;Солист-гитарист
Рич Майерс;Бас-гитарист
Райан Майерс;Ударник
Даг Робб;Вокалист;Ритм-гитарист
Дэн Эстрин;Солист-гитарист
Крис Хессе;Ударник
Джесс Чарланд;Бас-гитарист;Бэк-вокалист
Эндрю Хозиер-Бирн;Вокалист;Ритм-гитарист
Мэтт Тэлбот;Вокалист;Ритм-гитарист
Тим Лаш;Солист-гитарист
Джефф Димпси;Бас-гитарист
Брайан Ст. Пер;Ударник
Дэн Рейнольдс;Вокалист
Уэйн Сермон;Солист-гитарист
Бен Макки;Бас-гитарист
Дэниел Платцман;Ударник
Мария Бринк;Вокалистка
Крис Хоуворт;Солист-гитарист
Трэвис Джонсон;Бас-гитарист
Рэнди Вейтцель;Ритм-гитарист
Кент Диммел;Ударник
Эрез Айзен;Клавишник
Амит Дувдевани;Вокалист
Элайджа Хьюсон;Вокалист;Ритм-гитарист
Джош Дженкинсон;Солист-гитарист
Роберт Кейтинг;Бас-гитарист
Райан Макмэхон;Ударник
Пэт Шнабель;Вокалист
Дэнни Линч;Ритм-гитарист
Джефф Розенсток;Бас-гитарист
Кейси Ли;Ударник
Кристин Флаэрти (K.Flay);Вокалистка;Ритм-гитаристка
Джонатан Дэвис;Вокалист;Клавишник
Джеймс Шафер;Солист-гитарист
Брайан Уэлч;Ритм-гитарист
Реджинальд Арвизу;Бас-гитарист
Рэй Лузье;Ударник
Джордан Дрейер;Вокалист
Брэд Ванденберг;Ритм-гитарист
Кевин Уайттемор;Солист-гитарист
Чед Стерн;Бас-гитарист
Адам Васс;Ударник
Хелен Мэрни;Вокалистка;Клавишник
Мира Аройо;Вокалистка;Клавишник
Дэниел Хант;Солист-гитарист;Бэк-вокалист
Рубен Ву;Бас-гитарист;Бэк-вокалист
Пол Клейн;Вокалист;Ритм-гитарист
Джейк Госс;Ударник
Лес Приест;Клавишник
Джеймс Мерфи;Вокалист;Клавишник
Нэнси Уонг;Клавишник;Бэк-вокалист
Пэт Махони;Ударник;Бэк-вокалист
Тайлер Поуп;Бас-гитарист
Али Дойл;Гитарист;Бэк-вокалист
Джейсон Уэйд;Вокалист;Ритм-гитарист
Рик Вулстенхалм;Ударник
Брайс Содергрен;Бас-гитарист
Стив Стейси;Клавишник
Фред Дёрст;Вокалист;Ритм-гитарист
Уэс Борланд;Солист-гитарист
Сэм Риверс;Бас-гитарист
Джон Отто;Ударник
DJ Lethal;Диджей
Эй Джей Попофф;Вокалист;Ритм-гитарист
Джереми Попофф;Солист-гитарист
Кевин Бэлдез;Бас-гитарист
Райан Гилмор;Бэк-вокалист
Юки Нагано;Вокалистка;Клавишник
Фредрик Валлин;Бас-гитарист
Хокан Вирен;Солист-гитарист
Эрик Бодин;Ударник
Бен Шнайдер;Вокалист;Ритм-гитарист
Том Риддл;Ритм-гитарист
Марк Барри;Бас-гитарист
Мигель Брисеньо;Клавишник
Брэндон Уолтерс;Ударник
Майк Дьюс;Вокалист;Ритм-гитарист
Дек Кэмп;Солист-гитарист
Эдди Кастильо;Бас-гитарист
Бен Сансом;Ударник
Митчел Коллинз;Вокалист
Джордан Гринвальд;Солист-гитарист
Сэм Прайс;Бас-гитарист
Джесс Вулф;Вокалистка
Холли Ласиг;Вокалистка
Дэн Молад;Ударник
Питер Лэлэш;Бас-гитарист
Лейтон Антельмен;Вокалист;Ритм-гитарист
Джастин Райс;Солист-гитарист
Шон Рэйзер;Бас-гитарист
Эван Армстронг;Ударник
Энтони Гонсалес;Вокалист;Клавишник
Джастин Мелдал-Джонсен;Солист-гитарист
Йен Янг;Бас-гитарист
Лоик Морей;Клавишник
Джордан Лоу;Ударник
Колсон Бэйкер (Machine Gun Kelly);Вокалист;Ритм-гитарист
Слэш;Солист-гитарист
Трэвис Баркер;Ударник
Кори Тейлор;Вокалист;Ритм-гитарист
Дамиано Давид;Вокалист
Виктория Де Анджелис;Бас-гитарист
Томас Раджи;Солист-гитарист
Итан Торкио;Ударник
Джош Рамсей;Вокалист;Ритм-гитарист
Мэтт Уэбб;Солист-гитарист
Майк Айлер;Бас-гитарист
Иан Кэссельман;Ударник
Дерек Сандерс;Вокалист
Джереми Лендзер;Бас-гитарист
Алекс Гарсия;Солист-гитарист
Брукс Беттс;Ритм-гитарист
Джейк Бандер;Ударник
Мег Фриске;Вокалистка;Ритм-гитаристка
Диа Фриске;Солист-гитаристка;Бэк-вокалистка
Николас Прайс;Бас-гитарист
Джонатан Снайдер;Ударник
Базз Осборн;Вокалист;Солист-гитарист
Дейл Кровер;Бас-гитарист
Стив Макдональд;Ударник
Эмили Хейнс;Вокалистка;Клавишник
Джеймс Шоу;Солист-гитарист
Джош Уинстед;Бас-гитарист
Джо Льюин;Бэк-вокалист
Зак Лопес;Вокалист;Ритм-гитарист
Шон Стокхэм;Солист-гитарист
Клеменс Ребейн;Вокалист;Клавишник
Филипп Дауш;Солист-гитарист
Джейк Снидер;Вокалист;Ритм-гитарист
Дэйв Кнутсон;Солист-гитарист
Кори Мердок;Бас-гитарист
Алекс Роуз;Клавишник
Джошуа Хилл;Ударник
Леви Бентон;Вокалист
Би Джей Стэд;Ритм-гитарист
Джастин Ауфдемкамп;Солист-гитарист
Джерод Бойд;Бас-гитарист
Райан Нефф;Ударник
Исаак Брок;Вокалист;Ритм-гитарист
Джеремия Грин;Ударник
Томас Пелсол;Солист-гитарист
Рассел Хигс;Бас-гитарист
Бенджамин Вайсс;Клавишник
Джастин Пьерр;Вокалист;Ритм-гитарист
Джош Каин;Солист-гитарист
Мэтт Тейлор;Бас-гитарист
Джесси Джонсон;Клавишник
Тони Таччи;Ударник
Чед Грей;Вокалист
Грег Триббетт;Ритм-гитарист
Райан Мартин;Солист-гитарист
Мэтт Макдоноу;Бас-гитарист
Кевин Шилдс;Вокалист;Ритм-гитарист
Биллинда Бутчер;Солист-гитарист
Дебби Гудж;Бас-гитаристка
Колм О'Кисог;Ударник
Мэттью Каус;Вокалист;Ритм-гитарист
Дэниел Лорка;Солист-гитарист
Айра Эллиот;Бас-гитарист
Даг Гиллиард;Ударник
Бен Барлоу;Вокалист
Мэтт Вест;Солист-гитарист
Сэм Боуден;Ритм-гитарист
Себ Барлоу;Бас-гитарист
Дэниел Вашингтон;Ударник
Тайлер Гленн;Вокалист;Клавишник
Крис Аллен;Солист-гитарист
Бранден Кэмпбелл;Бас-гитарист
Элейн Брэдли;Ударник
Дэвид Бойд;Вокалист;Ритм-гитарист
Сорен Хансен;Солист-гитарист
Луи Вегнер;Бас-гитарист
Грегг Александер;Вокалист;Ритм-гитарист
Даниэль Брейзбуа;Солист-гитарист
Дэвид Бэйли;Бас-гитарист
Джон Пирс;Ударник
Фэт Майк;Вокалист;Бас-гитарист
Эрик Мелвин;Солист-гитарист
Эрик Сэндэн;Ударник
Аарон Абейта;Клавишник
Нанна Хильдурсдоттир;Вокалистка;Ритм-гитаристка
Рагнар Торальдссон;Солист-гитарист
Биргир Йон Биргиссон;Бас-гитарист
Арни Гудджонсон;Ударник
Кристин Анна Вальтидоттир;Клавишник
Аарон Поли;Вокалист;Клавишник
Валентин Артур;Ритм-гитарист
Тино Артур;Солист-гитарист
Алан Эшби;Бас-гитарист
Дэмиен Кулаш;Вокалист;Ритм-гитарист
Тим Нордлинджер;Солист-гитарист
Дэн Конопка;Бас-гитарист
Энди Росс;Ударник
Патрик Локклин;Вокалист;Ритм-гитарист
Джонатан Кенеди;Солист-гитарист
Джеймс Локклин;Бас-гитарист
Крис Стюарт;Ударник
Йорн Ланда;Вокалист
Ноура Лухимо;Вокалистка
Пер Джоханссон;Солист-гитарист
Зипи Тёрт;Ритм-гитарист
Тайлер Смит;Бас-гитарист
Тре Вотсон;Клавишник
Дерек Шериниан;Клавишник
Дэни Лохнер;Клавишник
Джо Атлан;Клавишник
Грег Биссонте;Ударник
Томи Ли;Ударник
Скотт Киркланд;Клавишник
Бенджамин Элиз;Клавишник
Херман Ли;Солист-гитарист
Сэм Тотман;Ритм-гитарист
Алистер Брей;Бас-гитарист
Фредерик Леклерк;Клавишник
Джи Эммануэль;Ударник